tilesheet_coordinates,key,name,image,unsettling_description,silly_description,original_description
"(0, 0)",0,Weeds,,UNOBTAINABLE,,A bunch of obnoxious weeds.
"(32, 0)",2,Stone,,UNOBTAINABLE,,A useful material when broken with the Pickaxe.
"(64, 0)",4,Stone,,UNOBTAINABLE,,A useful material when chopped with the axe.
"(256, 0)",16,Wild Horseradish,,"A hotly pungent, fleshy root. Crushing or grinding it releases the flavor and heat.",,A spicy root found in the spring.
"(288, 0)",18,Daffodil,,Contains a sap poisonous to many other plants and animals. Gifting a single flower is considered bad luck.,,A traditional spring flower that makes a nice gift.
"(320, 0)",20,Leek,,Some wild animal marked its territory on this one.,,A tasty relative of the onion.
"(352, 0)",22,Dandelion,,The leaves are a powerful diuretic; eating them increases urine production.,,"Not the prettiest flower, but the leaves make a good salad."
"(0, 16)",24,Parsnip,,"It has all the flavor of a bleached, long-dead carrot.",,A spring tuber closely related to the carrot. It has an earthy taste and is full of nutrients.
"(96, 16)",30,Lumber,,UNOBTAINABLE,,A versatile resource used for building and fuel.
"(192, 32)",60,Emerald,,This gem is thought to guard against memory loss. A thoughtful gift for divorcees.,,A precious stone with a brilliant green color.
"(224, 32)",62,Aquamarine,,Thought to protect against seasickness and tragic sailing accidents.,,A shimmery blue-green gem.
"(256, 32)",64,Ruby,,"The ""pigeon's blood"" variety of this gem is its most sought-after color variant.",,A precious stone that is sought after for its rich color and beautiful luster.
"(288, 32)",66,Amethyst,,Some sources suggest that this stone is used to stabilize mental disorders.,,A purple variant of quartz.
"(320, 32)",68,Topaz,,"When worn as a necklace, this gemstone is believed to drive away sadness.",,Fairly common but still prized for its beauty.
"(352, 32)",70,Jade,,"In many cultures, this stone has a strong association with the dead.",,A pale green ornamental stone.
"(368, 32)",71,Trimmed Lucky Purple Shorts,,The mayor's used silk shorts. They look better on you than on Marnie's floor.,,Purple silk shorts trimmed in luxurious gold...
"(0, 48)",72,Diamond,,This one seems to be clear of blood.,,A rare and valuable gem.
"(32, 48)",74,Prismatic Shard,,You can feel the colour vibrate in your skull. Looking at it too long might alter your vision permanently.,,A very rare and powerful substance with unknown origins.
"(48, 48)",75,Stone,,UNOBTAINABLE,,...
"(64, 48)",76,Stone,,UNOBTAINABLE,,...
"(80, 48)",77,Stone,,UNOBTAINABLE,,...
"(96, 48)",78,Cave Carrot,,A dirtier variety of carrot. Fulfills many needs of a miner.,,A starchy snack found in caves. It helps miners work longer.
"(112, 48)",79,Secret Note,,Better hope it's not about you...,,"It's old and crumpled, but if you look closely you can make out the details..."
"(128, 48)",80,Quartz,,The fine dust released when cutting these crystals can cause fibrosis of the lungs.,,A clear crystal commonly found in caves and mines.
"(160, 48)",82,Fire Quartz,,The red glow of this crystal never seems to fade.,,A glowing red crystal commonly found near hot lava.
"(192, 48)",84,Frozen Tear,,The last remnant of some long forgotten creature.,,A crystal fabled to be the frozen tears of a yeti.
"(224, 48)",86,Earth Crystal,,"A cloudy, fragile gemstone commonly gifted by cheapskates.",,A resinous substance found near the surface.
"(256, 48)",88,Coconut,,"Covered in rough hair, it provides both milk and meat.",,A seed of the coconut palm. It has many culinary uses.
"(288, 48)",90,Cactus Fruit,,You'd have to spend a long time under the desert sun to consider this fruit edible.,,The sweet fruit of the prickly pear cactus.
"(320, 48)",92,Sap,,Tree blood. It's still sticky.,,A fluid obtained from trees.
"(336, 48)",93,Torch,,"Flickers suddenly from time to time, even when there is no breeze.",,Provides a modest amount of light.
"(352, 48)",94,Spirit Torch,,UNOBTAINABLE,,It's unclear where the blue color comes from...
"(0, 64)",96,Dwarf Scroll I,,"A scroll written in an ancient language... it probably isn't calling for genocide of surface dwellers, right?",,A yellowed scroll of parchment filled with dwarven script. This one's tied with a red bow.
"(16, 64)",97,Dwarf Scroll II,,"A scroll written in an ancient language, describing a species that never expected to become endangered.",,A yellowed scroll of parchment filled with dwarven script. This one's tied with a green ribbon.
"(32, 64)",98,Dwarf Scroll III,,"A scroll written in an ancient language, the writer unaware their days were numbered.",,A yellowed scroll of parchment filled with dwarven script. This one's tied with a blue rope.
"(48, 64)",99,Dwarf Scroll IV,,A scroll written in an ancient language. It seems to end abruptly...,,A yellowed scroll of parchment filled with dwarven script. This one's tied with a golden chain.
"(64, 64)",100,Chipped Amphora,,Hopefully not used in any sacrificial rituals.,,An ancient vessel made of ceramic material. Used to transport both dry and wet goods.
"(80, 64)",101,Arrowhead,,Even early tools were designed to kill.,,A crudely fashioned point used for hunting.
"(96, 64)",102,Lost Book,,NON-INVENTORY,,Writings from a wide variety of time periods.
"(112, 64)",103,Ancient Doll,,"When left out of sight, this doll seems to change position on its own.",,"An ancient doll covered in grime. This doll may have been used as a toy, a decoration, or a prop in some kind of ritual."
"(128, 64)",104,Elvish Jewelry,,Legend says they are enchanted to be as warm as their owners. It's cold to the touch.,,Dirty but still beautiful. On the side is a flowing script thought by some to be the ancient language of the elves. No Elvish bones have ever been found.
"(144, 64)",105,Chewing Stick,,You can still taste what the last person who used it had for lunch.,,Ancient people chewed on these to keep their teeth clean.
"(160, 64)",106,Ornamental Fan,,Conceal your face and your true intentions.,,This exquisute fan most likely belonged to a noblewoman. Historians believe that the valley was a popular sixth-era vacation spot for the wealthy.
"(176, 64)",107,Dinosaur Egg,,Perhaps it can still hatch... what could go wrong?,,A giant dino egg... The entire shell is still intact!
"(192, 64)",108,Rare Disc,,ALREADY UNSETTLING,,"A heavy black disc studded with peculiar red stones. When you hold it, you're overwhelmed with a feeling of dread."
"(208, 64)",109,Ancient Sword,,"The sword may be in bad shape, but it has far outlived its owner.",,"It's the remains of an ancient sword. Most of the blade has turned to rust, but the hilt is very finely crafted."
"(224, 64)",110,Rusty Spoon,,"Despite its normal shape, I wouldn't use it for breakfast.",,"A plain old spoon, probably ten years old. Not very interesting."
"(240, 64)",111,Rusty Spur,,A modern tool of animal abuse.,,An old spur that was once attached to a cowboy's boot. People must have been raising animals in this area for many generations.
"(256, 64)",112,Rusty Cog,,It reminds you of your old manager.,,A well preserved cog that must have been part of some ancient machine. This could be dwarven technology.
"(272, 64)",113,Chicken Statue,,A mummified chicken in pristine condition. When you shake it you can hear small bones rattling inside.,,It's a statue of a chicken on a bronze base. The ancient people of this area must have been very fond of chickens.
"(288, 64)",114,Ancient Seed,,This shriveled seed appears to be long dead. Is reviving it a good idea?,,It's a dry old seed from some ancient plant. By all appearances it's long since dead...
"(304, 64)",115,Prehistoric Tool,,May have been used for primitive eviscerations.,,Some kind of gnarly old digging tool.
"(320, 64)",116,Dried Starfish,,"Some believe that starfish scream as the sun dries them out, but only fish can hear their piercing cries.",,A starfish from the primordial ocean. It's an unusually pristine specimen!
"(336, 64)",117,Anchor,,This wasn't meant to be lost.,,It may have belonged to ancient pirates.
"(352, 64)",118,Glass Shards,,They almost look like candy.,,A mixture of glass shards smoothed by centuries of ocean surf. These could have belonged to an ancient mosaic or necklace.
"(368, 64)",119,Bone Flute,,"Imagine blowing some ancient creature's dirty, bacteria-filled tibia. Bone flute!",,It's a prehistoric wind instrument carved from an animal's bone. It produces an eerie tone.
"(0, 80)",120,Prehistoric Handaxe,,"Despite its age, the rock's edge is still deadly sharp.",,"One of the earliest tools employed by humans. This ""crude"" tool was created by striking one rock with another to form a sharp edge."
"(16, 80)",121,Dwarvish Helm,,"It's sturdy, but even the best armor couldn't prevent their near-extinction.",,It's one of the helmets commonly worn by dwarves. The thick metal plating protects them from falling debris and stalactites.
"(32, 80)",122,Dwarf Gadget,,"The strange crystalline screen stays lit, but shows only static.",,"It's a piece of the advanced technology once known to the dwarves. It's still glowing and humming, but you're unable to understand how it works."
"(48, 80)",123,Ancient Drum,,Looks like skin stretched over bone. Nice sound though.,,"It's a drum made from wood and animal skin. It has a low, reverberating tone."
"(64, 80)",124,Golden Mask,,"Holes around the rim suggest a sinister internal mechanism, but you can't tell how it works.",,A creepy golden mask probably used in an ancient magic ritual. A socket in the forehead contains a large purple gemstone.
"(80, 80)",125,Golden Relic,,"The hieroglyphs seem to show a warning, but you can't decipher what it means.",,It's a golden slab with heiroglyphs and pictures emblazoned onto the front.
"(96, 80)",126,Strange Doll,,What a beautiful smile you have.,,???
"(112, 80)",127,Strange Doll,,It just wants to spend your whole life with you.,,???
"(128, 80)",128,Pufferfish,,"Expands to stab with poisonous spines when threatened. Its cousin, the pufferchick, is much more friendly.",,Inflates when threatened.
"(144, 80)",129,Anchovy,,Suspected of ruining many a soup.,,A small silver fish found in the ocean.
"(160, 80)",130,Tuna,,The nets used to catch them also drown dolphins.,,A large fish that lives in the ocean.
"(176, 80)",131,Sardine,,An oily little fish with a funky flavor.,,A common ocean fish.
"(192, 80)",132,Bream,,"A strangely slender and tall fish, it appears flat as a pancake when on its side.",,A fairly common river fish that becomes active at night.
"(256, 80)",136,Largemouth Bass,,The gaping maw of this widemouth fish has been known to devour small alligators.,,A popular fish that lives in lakes.
"(272, 80)",137,Smallmouth Bass,,Fights desperately to survive with frantic acrobatics when hooked.,,A freshwater fish that is very sensitive to pollution.
"(288, 80)",138,Rainbow Trout,,An invasive species that has hunted some native fish to endangered status.,,A freshwater trout with colorful markings.
"(304, 80)",139,Salmon,,"In fall, these fish swim miles upstream and die just to mate.",,Swims upstream to lay its eggs.
"(320, 80)",140,Walleye,,Its blank eyes have an eerie nocturnal glow.,,A freshwater fish caught at night.
"(336, 80)",141,Perch,,It often feeds on the young of its own species.,,A freshwater fish of the winter.
"(352, 80)",142,Carp,,An oily garbage fish that feeds by sucking up mouthfuls of mud and spitting them out.,,A common pond fish.
"(368, 80)",143,Catfish,,This ugly bottom-feeder will eat just about anything.,,An uncommon fish found in streams.
"(0, 96)",144,Pike,,"Body covered in mucus, shovel-shaped snout, and a mouth full of razor-sharp teeth.",,A freshwater fish that's difficult to catch.
"(16, 96)",145,Sunfish,,"Under rare circumstances this omen fish can appear anywhere, even in lava or swamps.",,A common river fish.
"(32, 96)",146,Red Mullet,,Fry up the livers for a savory treat.,,Long ago these were kept as pets.
"(48, 96)",147,Herring,,Swims with its gaping mouth wide open.,,A common ocean fish.
"(64, 96)",148,Eel,,Wriggles and writhes just like some long organ.,,"A long, slippery little fish."
"(80, 96)",149,Octopus,,"The tentacles give a tingly, suckling sensation.",,A mysterious and intelligent creature.
"(96, 96)",150,Red Snapper,,"Its fertilized eggs float on the surface and hatch within a day, serving as food for other prey.",,A popular fish with a nice red color.
"(112, 96)",151,Squid,,"These soft-bodied animals are known to be incredibly intelligent. Still, delicious.",,A deep sea creature that can grow to enormous size.
"(128, 96)",152,Seaweed,,Not a great substitute for bacon.,,It can be used in cooking.
"(144, 96)",153,Green Algae,,"The consistency of cold snot, with the occasional satisfying crunch.",,It's really slimy.
"(160, 96)",154,Sea Cucumber,,Small fish and crabs take shelter in this creature's anus.,,"A slippery, slimy creature found on the ocean floor."
"(176, 96)",155,Super Cucumber,,Projectile-vomits its own internal organs at would-be predators.,,"A rare, purple variety of sea cucumber."
"(192, 96)",156,Ghostfish,,Should have left it in the water...,,"A pale, blind fish found in underground lakes."
"(208, 96)",157,White Algae,,It leaves a fragrant white film on your hands.,,It's super slimy.
"(224, 96)",158,Stonefish,,"Its venom will quickly cause paralysis, tissue necrosis and heart failure.",,A bizarre fish that's shaped like a brick.
"(240, 96)",159,Crimsonfish,,Swimmers beware: this summer spawning fish becomes quite violent to protect its eggs.,,Lives deep in the ocean but likes to lay its eggs in the warm summer water.
"(256, 96)",160,Angler,,This eerie fish is known for the sexual parasitism of its reproductive cycle.,,Uses a bioluminescent dangler to attract prey.
"(272, 96)",161,Ice Pip,,"Frozen and zombified: don't let it bite you. You might be able to use it as a weapon, though.",,A rare fish that thrives in extremely cold conditions.
"(288, 96)",162,Lava Eel,,Legend says it survives by feeding off the remains of travelers who drown in the mines.,,It can somehow survive in pools of red-hot lava.
"(304, 96)",163,Legend,,"The grandfather of all largemouth bass in the lake, now torn from his home.",,The king of all fish! They said he'd never be caught.
"(320, 96)",164,Sandfish,,It hides using camouflage. Sometimes you can see the sand move as it waits for prey.,,It tries to hide using camouflage.
"(336, 96)",165,Scorpion Carp,,The unholy union of a scorpion and a carp. Keep hands away from tailfin!,,It's like a regular carp but with a sharp stinger.
"(352, 96)",166,Treasure Chest,,"Many of the coins inside are stained an ugly dark red, almost black.",,"Wow, it's loaded with treasure! This is sure to fetch a good price."
"(368, 96)",167,Joja Cola,,Food safety authorities have questioned the blue chemical used to color this drink.,,The flagship product of Joja corporation.
"(0, 112)",168,Trash,,Like you.,,It's junk.
"(16, 112)",169,Driftwood,,The weathered remnant of a drowned tree.,,A piece of wood from the sea.
"(32, 112)",170,Broken Glasses,,The frames look like Pierre's. Does he just dump his old trash anywhere?,,It looks like someone lost their glasses. They're busted.
"(48, 112)",171,Broken CD,,"Faded blue marker on one side mentions ""blackmail"", but the rest is indiscernible.",,It's a JojaNet 2.0 trial CD. They must've made a billion of these things.
"(64, 112)",172,Soggy Newspaper,,Filled with propaganda and word vomit. Worthless.,,This is trash.
"(128, 112)",176,Egg,,A regular white egg. Fresh from a chicken's cloaca!,,A regular white chicken egg.
"(96, 112)",174,Large Egg,,An uncommonly large white egg. Can you imagine how the chicken must have stretched?,,It's an uncommonly large white egg!
"(160, 112)",178,Hay,,Delicious grass corpses for your animal friends.,,Dried grass used as animal food.
"(192, 112)",180,Egg,,A regular brown egg. Fresh from a chicken's cloaca!,,A regular brown chicken egg.
"(224, 112)",182,Large Egg,,An uncommonly large brown egg. Can you imagine how the chicken must have stretched?,,It's an uncommonly large brown egg!
"(256, 112)",184,Milk,,A jug of cow tiddy juice. Yum.,,A jug of cow's milk.
"(288, 112)",186,Large Milk,,Voluminous secretions from a bulging cow udder.,,A large jug of cow's milk.
"(320, 112)",188,Green Bean,,Girth is nothing to brag about... the tastiest ones are pencil-thin!,,"A juicy little bean with a cool, crisp snap."
"(352, 112)",190,Cauliflower,,Releases a pungent stench when boiled.,,"Valuable, but slow-growing. Despite its pale color, the florets are packed with nutrients."
"(368, 112)",191,Ornate Necklace,,The necklace gleams with faint residue of arcane powers... who could it belong to?,,A fancy necklace found in the water outside of the bath house. It's still wet...
"(0, 128)",192,Potato,,"It doesn't seem like much, but you'd be glad of it in a famine.",,A widely cultivated tuber.
"(32, 128)",194,Fried Egg,,Mmm~ unborn chicken cooked in crushed nut juice.,,Sunny-side up.
"(48, 128)",195,Omelet,,"Fluffy, congealed cow AND chicken juices. Are you gonna eat that?",,It's super fluffy.
"(64, 128)",196,Salad,,"Assorted dismembered plant materials, tossed with a flavorful dressing.",,A healthy garden salad.
"(80, 128)",197,Cheese Cauliflower,,Plants taste better with curdled cow juice on them.,,It smells great!
"(96, 128)",198,Baked Fish,,"Its dead, bulbous eye stares up at you: ""What have you done?""",,Baked fish on a bed of herbs.
"(112, 128)",199,Parsnip Soup,,Clears all your mucus right out! Your sinuses will thank you.,,It's fresh and hearty.
"(128, 128)",200,Vegetable Medley,,"A heaping pile of chopped, fleshy vegetables!",,This is very nutritious.
"(144, 128)",201,Complete Breakfast,,This would make a very satisfying last meal.,,You'll feel ready to take on the world!
"(160, 128)",202,Fried Calamari,,The sapient flesh is deliciously chewy.,,It's so chewy.
"(176, 128)",203,Strange Bun,,What's inside? OH SWEET YOBA IT'S SPIDERS!,,What's inside?
"(192, 128)",204,Lucky Lunch,,So tasty that luck-bringing spirits will nest in your belly to eat it.,,A special little meal.
"(208, 128)",205,Fried Mushroom,,You can still taste the dirt.,,Earthy and aromatic.
"(224, 128)",206,Pizza,,It has pineapples on it. *shudder*,,It's popular for all the right reasons.
"(240, 128)",207,Bean Hotpot,,Sticks heavily to the pot and to your insides.,,It sure is healthy.
"(256, 128)",208,Glazed Yams,,"If you can't stomach eating your vegetables, drown them in sugar first.",,Sweet and satisfying... The sugar gives it a hint of caramel.
"(272, 128)",209,Carp Surprise,,The carp is not the surprising part of this meal.,,It's bland and oily.
"(288, 128)",210,Hashbrowns,,Chow down on these slick and oddly-textured potato bits.,,Crispy and golden-brown!
"(304, 128)",211,Pancakes,,"The warm, seductive stack is slathered in butter.",,"A double stack of fluffy, soft pancakes."
"(320, 128)",212,Salmon Dinner,,Cooked flesh of a fish with a squirt of something yellow... thats what makes it special. ;),,The lemon spritz makes it special.
"(336, 128)",213,Fish Taco,,A fishy smell is normal for this taco.,,It smells delicious.
"(352, 128)",214,Crispy Bass,,"Filleted corpse of once-living fish, now a tender, flaky dish.",,"Wow, the breading is perfect."
"(368, 128)",215,Pepper Poppers,,Gooey cheese strings ensure that the scorching hot flavor will stick in your mouth.,,Spicy breaded peppers filled with cheese.
"(0, 144)",216,Bread,,The greatest thing since the elves disappeared.,,A crusty baguette.
"(32, 144)",218,Tom Kha Soup,,Way too many flavors in one pot.,,These flavors are incredible!
"(48, 144)",219,Trout Soup,,The high salt content in this bowl of dead fish broth gets you buzzing.,,Pretty salty.
"(64, 144)",220,Chocolate Cake,,Moist.,,Rich and moist with a thick fudge icing.
"(80, 144)",221,Pink Cake,,This innocent-looking cake has strong aphrodisiac properties.,,There's little heart candies on top.
"(96, 144)",222,Rhubarb Pie,,"A traditional dessert made of odd, stringy stalks that look like red celery.",,"Mmm, tangy and sweet!"
"(112, 144)",223,Cookie,,"Granny Evelyn's ""special"" cookies.",,Very chewy.
"(128, 144)",224,Spaghetti,,May you be forever touched by His Noodly Appendage.,,An old favorite.
"(144, 144)",225,Fried Eel,,Greasy on the outside and mushy on the inside. At least it's no longer slimy.,,Greasy but flavorful.
"(160, 144)",226,Spicy Eel,,Slimy eels slathered with nitroglycerin and hot sauce. Prevents chest pain.,,It's really spicy! Be careful.
"(176, 144)",227,Sashimi,,The raw fish can carry bacterial or parasitic infection when improperly prepared.,,Raw fish sliced into thin pieces.
"(192, 144)",228,Maki Roll,,"Cold, raw fish wrapped in rice and wrinkled seaweed husks. Hope the fish was fresh...",,Fish and rice wrapped in seaweed.
"(208, 144)",229,Tortilla,,Excellent as fertilizer the day after.,,Can be used as a vessel for food or eaten by itself.
"(224, 144)",230,Red Plate,,"Gives an energy boost, but watch out for the crash that follows.",,Full of antioxidants.
"(240, 144)",231,Eggplant Parmesan,,"Lewis' secret recipe. It's a bit tangy... but actually, the flavor is quite good!",,"Tangy, cheesy, and wonderful."
"(256, 144)",232,Rice Pudding,,With a texture so smooth it seems pre-digested.,,"It's creamy, sweet, and fun to eat."
"(272, 144)",233,Ice Cream,,The taste brings to mind screaming children.,,It's hard to find someone who doesn't like this.
"(288, 144)",234,Blueberry Tart,,"Made with the freshest blueberries, all organically fertilized by local fauna.",,It's subtle and refreshing.
"(304, 144)",235,Autumn's Bounty,,"A taste of fall season, minus the rotting mulch and fallen leaves.",,A taste of the season.
"(320, 144)",236,Pumpkin Soup,,"Mushy pumpkin innards, liquified until creamy and velvety-smooth.",,A seasonal favorite.
"(336, 144)",237,Super Meal,,Chock-full of antioxidants and stimulant additives for a snappy boost of energy.,,It's a really energizing meal.
"(352, 144)",238,Cranberry Sauce,,The gelatinized corpses of countless cranberries. How could you?!,,A festive treat.
"(368, 144)",239,Stuffing,,"Oh, you'll be stuffed, all right.",,Ahh... the smell of warm bread and sage.
"(0, 160)",240,Farmer's Lunch,,Getting fancy now with a side of vegetables for your mushy blobs of animal juice.,,This'll keep you going.
"(16, 160)",241,Survival Burger,,A vegetarian alternative for the health-conscious cannibal.,,A convenient snack for the explorer.
"(32, 160)",242,Dish O' The Sea,,"The fish on your plate enjoyed the freedom of the whole ocean, once.",,This'll keep you warm in the cold sea air.
"(48, 160)",243,Miner's Treat,,A dish served best with a side of amethyst.,,This should keep your energy up.
"(64, 160)",244,Roots Platter,,"They have that nice, musty graveyard taste.",,This'll get you digging for more.
"(80, 160)",245,Sugar,,The leading cause of diabetes.,,Adds sweetness to pastries and candies. Too much can be unhealthy.
"(96, 160)",246,Wheat Flour,,Destroys the surface of small intestines through a severe immune reaction that occurs in 1% of people.,,A common cooking ingredient made from crushed wheat seeds.
"(112, 160)",247,Oil,,A vital ingredient in fried food and clogged arteries.,,All purpose cooking oil.
"(128, 160)",248,Garlic,,Keeps the bloodsuckers away.,,Adds a wonderful zestiness to dishes. High quality garlic can be pretty spicy.
"(160, 160)",250,Kale,,"Stringy, fibrous leaves that taste like sour dirt.",,The waxy leaves are great in soups and stir frys.
"(176, 160)",251,Tea Sapling,,"Succumb to caffeine addiction. Grows in 20 days without water, produces in the last week of each season.",,"Takes 20 days to mature. Produces tea leaves during the final week of each season, except winter. No watering necessary!"
"(192, 160)",252,Rhubarb,,"The leaves are poisonous, and the stalks are so sour they might as well be.",,"The stalks are extremely tart, but make a great dessert when sweetened."
"(208, 160)",253,Triple Shot Espresso,,"Causes irregular or rapid heartbeat in high doses. Just ignore it, it's probably fine.",,It's more potent than regular coffee!
"(224, 160)",254,Melon,,Are your thighs strong enough to crush it?,,"A cool, sweet summer treat."
"(256, 160)",256,Tomato,,"Belongs to the nightshade family, but don't worry, it's not poisonous.",,"Rich and slightly tangy, the Tomato has a wide variety of culinary uses."
"(272, 160)",257,Morel,,Toxic when uncooked. The ridged and pitted cap is highly triggering for trypophobia.,,Sought after for its unique nutty flavor.
"(288, 160)",258,Blueberry,,"Dozens of fungal growths can infect it, emerging and quickly engulfing berries after harvest.",,A popular berry reported to have many health benefits. The blue skin has the highest nutrient concentration.
"(304, 160)",259,Fiddlehead Fern,,Tastes like moss when raw and has zero flavor when cooked.,,The young shoots are an edible specialty.
"(320, 160)",260,Hot Pepper,,It'll make your face melt.,,Fiery hot with a hint of sweetness.
"(336, 160)",261,Warp Totem: Desert,,Warps all time and space to re-center Calico Desert on your current physical location. Consumed on use.,,Warp directly to Calico Desert. Consumed on use.
"(352, 160)",262,Wheat,,The golden heads will be brutally crushed for food.,,One of the most widely cultivated grains. Makes a great flour for breads and cakes.
"(0, 176)",264,Radish,,Very effective at treating jaundice.,,A crisp and refreshing root vegetable with hints of pepper when eaten raw.
"(32, 176)",266,Red Cabbage,,Behead this plant to use in salads and coleslaws.,,Often used in salads and coleslaws. The color can range from purple to blue to green-yellow depending on soil conditions.
"(64, 176)",268,Starfruit,,"Dangerous to anyone with kidney disease, as they cannot process the neurotoxin contained within.",,"An extremely juicy fruit that grows in hot, humid weather. Slightly sweet with a sour undertone."
"(96, 176)",270,Corn,,"Approximately 800 strands of tangled, silken hair flow out of each cob.",,"One of the most popular grains. The sweet, fresh cobs are a summer favorite."
"(112, 176)",271,Unmilled Rice,,Rumored to cause avian stomachs to explode.,,Rice in its rawest form. Run this through a mill to increase the value.
"(128, 176)",272,Eggplant,,The best gifts are unsolicited.,,A rich and wholesome relative of the tomato. Delicious fried or stewed.
"(144, 176)",273,Rice Shoot,,"A gift from the grubs. Plant in spring, 8 days (6 days if near water). Harvest with scythe.",,Plant these in the spring. Takes 8 days to mature. Grows faster if planted near a body of water. Harvest with the scythe.
"(160, 176)",274,Artichoke,,Harvested without slave labour.,,"The bud of a thistle plant. The spiny outer leaves conceal a fleshy, filling interior."
"(176, 176)",275,Artifact Trove,,Be careful breaking this open. You could get an artifact... or unleash a very angry specter.,,A blacksmith can open this for you. These troves often contain ancient relics and curiosities.
"(192, 176)",276,Pumpkin,,Scoop out its stringy flesh to make a festive fall decoration.,,"A fall favorite, grown for its crunchy seeds and delicately flavored flesh. As a bonus, the hollow shell can be carved into a festive decoration."
"(208, 176)",277,Wilted Bouquet,,As dead as your heart. Makes a thoughtful and symbolic gift.,,A gift that shows you want to stop dating someone.
"(224, 176)",278,Bok Choy,,Its chemical composition can induce swelling of the thyroid gland.,,The leafy greens and fibrous stalks are healthy and delicious.
"(240, 176)",279,Magic Rock Candy,,Colorful candy made from literal rocks. Very alluring to small children.,,A rare and powerful candy infused with the essence of the prismatic shard.
"(256, 176)",280,Yam,,"A firm, fleshy tuber spoilt by flavor that is too sweet and too starchy.",,A starchy tuber with a lot of culinary versatility.
"(272, 176)",281,Chanterelle,,"The visible, edible part is just the tip of a vast colony of fungus threaded throughout the soil.",,A tasty mushroom with a fruity smell and slightly peppery flavor.
"(288, 176)",282,Cranberries,,Bitter little fruits with unnatural properties: they float in water and bounce on land.,,These tart red berries are a traditional winter food.
"(304, 176)",283,Holly,,"Crisp and juicy berries. Alas, some things are only edible once.",,The leaves and bright red berries make a popular winter decoration.
"(320, 176)",284,Beet,,Blame troublesome red stains on the juice of this vegetable.,,"A sweet and earthy root vegatable. As a bonus, the leaves make a great salad."
"(352, 176)",286,Cherry Bomb,,A small explosive device that is unfortunately tempting for small children.,,Generates a small explosion. Stand back!
"(368, 176)",287,Bomb,,A civilian version of a mass-produced explosive from the Gotoro war.,,Generates an explosion. Watch out!
"(0, 192)",288,Mega Bomb,,A devastatingly powerful bomb intended to inflict maximum damage and harm.,,Generates a powerful explosion. Use with extreme caution.
"(32, 192)",290,Stone,,UNOBTAINABLE,,...
"(80, 192)",293,Brick Floor,,"Chunks of brick can make decent weapons, in a pinch. Place on the ground to create paths or floors.",,Place on the ground to create paths or to decorate your floors.
"(96, 192)",294,Twig,,UNOBTAINABLE,,...
"(112, 192)",295,Twig,,UNOBTAINABLE,,...
"(128, 192)",296,Salmonberry,,The color is eerily similar to salmon... eggs.,,A spring-time berry with the flavor of the forest.
"(144, 192)",297,Grass Starter,,"Plant this for your animals to eat. When you scythe it, you can smell the grass screaming in pain as it dies.",,Place this on your farm to start a new patch of grass.
"(160, 192)",298,Hardwood Fence,,Makes a stronger prison than an iron fence.,,The most durable type of fence.
"(176, 192)",299,Amaranth Seeds,,"Dense and heavy. Plant in fall, 7 days. Harvest with scythe.",,Plant these in the fall. Takes 7 days to grow. Harvest with the scythe.
"(192, 192)",300,Amaranth,,A purple grain like a thousand years old. Good luck actually enjoying this dust.,,A purple grain cultivated by an ancient civilization.
"(208, 192)",301,Grape Starter,,"The first step to self-sufficient alcoholism. Plant in fall, 10 days, reharvestable. Trellis crop.",,"Plant these in the fall. Takes 10 days to grow, but keeps producing after that. Grows on a trellis."
"(224, 192)",302,Hops Starter,,"A make-work project. Plant in summer, 11 days, reharvestable. Trellis crop.",,"Plant these in the summer. Takes 11 days to grow, but keeps producing after that. Grows on a trellis."
"(240, 192)",303,Pale Ale,,Drink before and after driving a bus if your name is Pam.,,Drink in moderation.
"(256, 192)",304,Hops,,"Bitter, foul-smelling green seed cones used as an additive in beer.",,"A bitter, tangy flower used to flavor beer."
"(272, 192)",305,Void Egg,,Might give birth to the Darkness itself. Do you dare to let it hatch?,,A jet-black egg with red flecks. It's warm to the touch.
"(288, 192)",306,Mayonnaise,,Technically an oily egg yolk. Someone came up with this great idea!,,It looks spreadable.
"(304, 192)",307,Duck Mayonnaise,,Spreadable essence of unborn duck. Goes great in sandwiches.,,"It's a rich, yellow mayonnaise."
"(320, 192)",308,Void Mayonnaise,,"Your mortal, dimensionally finite stomach cannot hope to endure its unfathomable nutrients.",,"A thick, black paste that smells like burnt hair."
"(336, 192)",309,Acorn,,The glans of the penis was named after this tree seed.,,Place this on your farm to plant an oak tree.
"(352, 192)",310,Maple Seed,,A winged tree seed that bears uncanny resemblance to an insect.,,Place this on your farm to plant a maple tree.
"(368, 192)",311,Pine Cone,,Tiny ants crawl between the rough scales.,,Place this on your farm to plant a pine tree.
"(16, 208)",313,Weeds,,UNOBTAINABLE,,...
"(32, 208)",314,Weeds,,UNOBTAINABLE,,...
"(48, 208)",315,Weeds,,UNOBTAINABLE,,...
"(64, 208)",316,Weeds,,UNOBTAINABLE,,...
"(80, 208)",317,Weeds,,UNOBTAINABLE,,...
"(96, 208)",318,Weeds,,UNOBTAINABLE,,...
"(112, 208)",319,Weeds,,UNOBTAINABLE,,...
"(128, 208)",320,Weeds,,UNOBTAINABLE,,...
"(144, 208)",321,Weeds,,UNOBTAINABLE,,...
"(160, 208)",322,Wood Fence,,Keeps grass and animals imprisoned!,,Keeps grass and animals contained!
"(176, 208)",323,Stone Fence,,Makes a stronger prison than a wood fence.,,Lasts longer than a wood fence.
"(192, 208)",324,Iron Fence,,Makes a stronger prison than a stone fence.,,Lasts longer than a stone fence.
"(208, 208)",325,Gate,,"No matter how much oil you give it, the creaking never stops.",,Allows you to pass through a fence.
"(224, 208)",326,Dwarvish Translation Guide,,NON-INVENTORY,,Teaches you dwarvish.
"(256, 208)",328,Wood Floor,,"""Spruce"" things up with tree genocide. Place on the ground to create paths or floors.",,Place on the ground to create paths or to decorate your floors.
"(272, 208)",329,Stone Floor,,Start over with a clean slate. Place on the ground to create paths or floors.,,Place on the ground to create paths or to spruce up your floors.
"(288, 208)",330,Clay,,"Not very tasty, 0 out of 10. (2 out of 10 with rice)",,Used in crafting and construction.
"(304, 208)",331,Weathered Floor,,Deliberately crafted to give a haunted look. Place on the ground to create paths or floors.,,Place on the ground to create paths or to spruce up your floors.
"(336, 208)",333,Crystal Floor,,Has an unnaturally smooth surface. Place on the ground to create paths or floors.,,Place on the ground to create paths or to spruce up your floors.
"(352, 208)",334,Copper Bar,,Shape this metal bar to your needs.,,A bar of pure copper.
"(368, 208)",335,Iron Bar,,Shape this metal bar to suit your purposes.,,A bar of pure iron.
"(0, 224)",336,Gold Bar,,Shape this metal bar to your will.,,A bar of pure gold.
"(16, 224)",337,Iridium Bar,,Shape this metal bar to your darkest desires.,,A bar of pure iridium.
"(32, 224)",338,Refined Quartz,,Every imperfection removed: it's more perfect than you'll ever be.,,A more pure form of quartz.
"(64, 224)",340,Honey,,"Bee spit. The bees use it to feed their young, so it should be fine for human consumption, right?",,It's a sweet syrup produced by bees.
"(80, 224)",341,Tea Set,,A mystical object not of this realm. The biting teapot can be quite dangerous.,,Fine porcelain.
"(96, 224)",342,Pickles,,Jar of soggy vegetables left to cure in a pool of brine.,,A jar of your home-made pickles.
"(112, 224)",343,Stone,,UNOBTAINABLE,,Stone.
"(128, 224)",344,Jelly,,Gooey. Mayor Lewis would approve.,,Gooey.
"(160, 224)",346,Beer,,"Mm, you can really taste how old this liquid is!",,Drink in moderation.
"(176, 224)",347,Rare Seed,,"Plant it nice and deep to get some sweet, sweet berries. Sow in fall, 24 days.",,Sow in fall. Takes all season to grow.
"(192, 224)",348,Wine,,Drink to forget.,,Drink in moderation.
"(208, 224)",349,Energy Tonic,,"This drug will give you the ""youthful"" energy to go all night long!",,Restores a lot of energy.
"(224, 224)",350,Juice,,Life-blood squeezed from vegetables for easy-to-drink vitamins!,,"A sweet, nutritious beverage."
"(240, 224)",351,Muscle Remedy,,Harvey's special steroids. Removes exhaustion.,,"When you've pushed your body too hard, drink this to remove 'Exhaustion'."
"(128, 240)",368,Basic Fertilizer,,Your crops have a slight chance to grow larger in soil sprinkled with tree blood.,,"Improves soil quality a little, increasing your chance to grow quality crops. Mix into tilled soil."
"(144, 240)",369,Quality Fertilizer,,Improves the chance of higher quality harvests by repurposing dead fish.,,"Improves soil quality, increasing your chance to grow quality crops. Mix into tilled soil."
"(160, 240)",370,Basic Retaining Soil,,Keep your soil moist and wet.,,This soil has a chance of staying watered overnight. Mix into tilled soil.
"(176, 240)",371,Quality Retaining Soil,,Ohh yes! Keep the dirt wet all night long...,,This soil has a good chance of staying watered overnight. Mix into tilled soil.
"(192, 240)",372,Clam,,Taking home invasion to new heights.,,Someone lived here once.
"(208, 240)",373,Golden Pumpkin,,It glistens like capitalism!,,It's valuable but has no other purpose.
"(288, 240)",378,Copper Ore,,Choking hazard: Not for children under 2 years.,,A common ore that can be smelted into bars.
"(320, 240)",380,Iron Ore,,Choking hazard: Not for children under 3 years.,,A fairly common ore that can be smelted into bars.
"(352, 240)",382,Coal,,A bit of magic and fire has turned old bones to coal. Should be safe to use.,,A combustible rock that is useful for crafting and smelting.
"(0, 256)",384,Gold Ore,,Choking hazard: Not for children under 8 years.,,A precious ore that can be smelted into bars.
"(32, 256)",386,Iridium Ore,,Choking hazard: Not for children under 30 years.,,An exotic ore with many curious properties. Can be smelted into bars.
"(64, 256)",388,Wood,,A highly flammable building material.,,"A sturdy, yet flexible plant material with a wide variety of uses."
"(96, 256)",390,Stone,,The most ancient and versatile of all weapons and tools.,,A common material with many uses in crafting and building.
"(128, 256)",392,Nautilus Shell,,"A beautiful specimen. Washed up like this, you can pretend thereâ€™s still plenty in the sea.",,An ancient shell.
"(144, 256)",393,Coral,,"A structure formed by beautiful, endangered species ravaged by human ecological damage.",,A colony of tiny creatures that clump together to form beautiful structures.
"(160, 256)",394,Rainbow Shell,,The poor hermit crab needed this more than you did.,,It's a very beautiful shell.
"(176, 256)",395,Coffee,,"Brown, bitter liquid made from straining hot water through burnt, pulverized seeds.",,It smells delicious. This is sure to give you a boost.
"(192, 256)",396,Spice Berry,,Contains orbs of pungent flesh that burst when prodded.,,It fills the air with a pungent aroma.
"(208, 256)",397,Sea Urchin,,"This creature has an identifiable mouth and anus, but no face.",,"A slow-moving, spiny creature that some consider a delicacy."
"(224, 256)",398,Grape,,With skins peeled they feel like wet eyeballs.,,A sweet cluster of fruit.
"(240, 256)",399,Spring Onion,,Don't inspect these too closely.,,These grow wild during the spring.
"(256, 256)",400,Strawberry,,Bright red coloring in berries usually signals poison. Usually.,,"A sweet, juicy favorite with an appealing red color."
"(272, 256)",401,Straw Floor,,Toss dead grass around for a nice fall look. Place on the ground to create paths or floors.,,Place on the ground to create paths or to spruce up your floors.
"(288, 256)",402,Sweet Pea,,The flower's wiry tendrils cling possessively to its surroundings.,,A fragrant summer flower.
"(304, 256)",403,Field Snack,,Flosses your teeth and gums as you eat it. Moderate to severe bleeding is normal.,,A quick snack to fuel the hungry forager.
"(320, 256)",404,Common Mushroom,,"Someday they will decompose *your* remains. If you must eat, chew gently.",,"Slightly nutty, with good texture."
"(336, 256)",405,Wood Path,,Decorate with milled tree carcasses. Place on the ground to create paths or floors.,,Place on the ground to create paths or to spruce up your floors.
"(352, 256)",406,Wild Plum,,Watery and tasteless. The weak flavor is overpowered by the fruit's pungent smell.,,Tart and juicy with a pungent aroma.
"(368, 256)",407,Gravel Path,,"Small, sharp rocks to step on. Place on the ground to create paths or floors.",,Place on the ground to create paths or to spruce up your floors.
"(0, 272)",408,Hazelnut,,Oddly large. Its unnatural growth may be caused by Joja-brand pesticides.,,That's one big hazelnut!
"(16, 272)",409,Crystal Path,,Falling on this surface risks a thousand cuts. Place on the ground to create paths or floors.,,Place on the ground to create paths or to spruce up your floors.
"(32, 272)",410,Blackberry,,One legend claims that they darken in color as the devil himself enters the fruit.,,An early-fall treat.
"(48, 272)",411,Cobblestone Path,,Naturally rounded into a good throwing size. Place on the ground to create paths or floors.,,Place on the ground to create paths or to spruce up your floors.
"(64, 272)",412,Winter Root,,Do you assume every dirty lump you dig up is edible?,,A starchy tuber.
"(80, 272)",413,Blue Slime Egg,,You can see the embryo of a baby slime bouncing within. Hatch it in a slime incubator.,,Can be hatched in a slime incubator.
"(96, 272)",414,Crystal Fruit,,Could break your teeth.,,A delicate fruit that pops up from the snow.
"(112, 272)",415,Stepping Stone Path,,Step on these stones like you step on others to achieve your goals. Place on the ground to create paths or floors.,,Place on the ground to create paths or to spruce up your floors.
"(128, 272)",416,Snow Yam,,Lurks out of sight under the winter snow... waiting...,,This little yam was hiding beneath the snow.
"(144, 272)",417,Sweet Gem Berry,,An unearthly sweetness permeating this stone-fleshed berry renders it entirely inedible.,,It's by far the sweetest thing you've ever smelled.
"(160, 272)",418,Crocus,,This delicate flower prefers all other flowers to be dead when it blooms in the snow.,,A flower that can bloom in the winter.
"(176, 272)",419,Vinegar,,"Given time, it can dissolve submerged human teeth to nothing.",,An aged fermented liquid used in many cooking recipes.
"(192, 272)",420,Red Mushroom,,Maybe it can be made non-poisonous by parboiling... but maybe not.,,A spotted mushroom sometimes found in caves.
"(208, 272)",421,Sunflower,,"Their roots easily soak up uranium, lead, and arsenic from the soil.",,A common misconception is that the flower turns so it's always facing the sun.
"(224, 272)",422,Purple Mushroom,,"Brightly colored. They say this one isn't poisonous, so it should be safe to eat.",,A rare mushroom found deep in caves.
"(240, 272)",423,Rice,,A popular wedding projectile.,,A basic grain often served under vegetables.
"(256, 272)",424,Cheese,,Cow milk exposed to bacteria and allowed to curdle. Eat up!,,It's your basic cheese.
"(288, 272)",426,Goat Cheese,,"Squishy, congealed milk from a goat's udder. Considered a delicacy by many.",,Soft cheese made from goat's milk.
"(320, 272)",428,Cloth,,An essential material for proper mummification.,,A bolt of fine wool cloth.
"(352, 272)",430,Truffle,,Pigs find them easily due to their chemical similarities with pig mating pheromones.,,A gourmet type of mushroom with a unique taste.
"(0, 288)",432,Truffle Oil,,It's wonderfully lubricating.,,A gourmet cooking ingredient.
"(16, 288)",433,Coffee Bean,,"Whatever you do, don't stuff it up your nose. Grows in spring and summer, reharvestable.",,Plant in spring or summer to grow a coffee plant. Place five beans in a keg to make coffee.
"(32, 288)",434,Stardrop,,NON-INVENTORY,,"A mysterious fruit that empowers those who eat it. The flavor is like a dream... a powerful personal experience, yet difficult to describe to others."
"(64, 288)",436,Goat Milk,,"If cow lactations aren't your thing, try this variant!",,The milk of a goat.
"(80, 288)",437,Red Slime Egg,,It only takes 100 slime carcasses to make one of these. Hatch it in a slime incubator.,,Can be hatched in a slime incubator.
"(96, 288)",438,L. Goat Milk,,The goat's swollen udder must feel much better after squeezing all of this out.,,A gallon of creamy goat's milk.
"(112, 288)",439,Purple Slime Egg,,A developing youngling of the most dangerous variety of slime monster. Hatch it in a slime incubator.,,Can be hatched in a slime incubator.
"(128, 288)",440,Wool,,"That sheep will be cold and shivering, but sure, enjoy how soft this is!",,"Soft, fluffy wool."
"(144, 288)",441,Explosive Ammo,,"Owing to improper storage, it causes hundreds of unfortunate child deaths each year.",,Fire this with the slingshot.
"(160, 288)",442,Duck Egg,,It's still warm... somehow.,,It's still warm.
"(192, 288)",444,Duck Feather,,This exquisite feather was plucked out of a duck's butt.,,It's so colorful.
"(224, 288)",446,Rabbit's Foot,,A successful amputation from a peculiar rabbit species that seems to regrow lost feet.,,Some say it's lucky.
"(240, 288)",447,Aged Roe,,"Aged fish fetuses covered in a thick, gooey substance. The salt brings out the flavor.",,Fish eggs aged in salt to bring out the flavor.
"(272, 288)",449,Stone Base,,UNOBTAINABLE,,A simple block of stone.
"(288, 288)",450,Stone,,UNOBTAINABLE,,Stone.
"(320, 288)",452,Weeds,,UNOBTAINABLE,,A cluster of dry old bushes.
"(352, 288)",454,Ancient Fruit,,"There's no evidence to confirm whether this fruit harbors an ancient, long-dormant disease.",,It's been dormant for eons.
"(0, 304)",456,Algae Soup,,"It's a ""little"" slimy. As in, ""slimy to the point where you're eating more slime than soup"".",,It's a little slimy.
"(16, 304)",457,Pale Broth,,Very similar to algae soup with the additional flavor of rotten eggs.,,A delicate broth with a hint of sulfur.
"(32, 304)",458,Bouquet,,A colorful bunch of severed plant reproductive organs. Maybe your sweetheart will get the hint?,,A gift that shows your romantic interest.
"(48, 304)",459,Mead,,"Old, fermented bee spit! Delicious!",,A fermented beverage made from honey. Drink in moderation.
"(64, 304)",460,Mermaid's Pendant,,A ghost ripped this from a mermaid so you can woo your lover.,,Give this to the person you want to marry.
"(80, 304)",461,Decorative Pot,,UNOBTAINABLE,,A replica of an ancient pot.
"(112, 304)",463,Drum Block,,Beating this to a specific pattern might just awaken the wrong god.,,Plays a drum sound when you walk past.
"(128, 304)",464,Flute Block,,"Go ahead. Play your haunting melodies, see what happens.",,Plays a flute sound when you walk past.
"(144, 304)",465,Speed-Gro,,You have to wonder if this would work on other things. Increases growth rate by at least 10%.,,Stimulates leaf production. Guaranteed to increase growth rate by at least 10%. Mix into tilled soil.
"(160, 304)",466,Deluxe Speed-Gro,,The long-term effects on edible produce are untested. Increases growth rate by at least 25%.,,Stimulates leaf production. Guaranteed to increase growth rate by at least 25%. Mix into tilled soil.
"(256, 304)",472,Parsnip Seeds,,"An inexpensive, fast-growing trap for beginner farmers. Plant in spring, 4 days.",,Plant these in the spring. Takes 4 days to mature.
"(272, 304)",473,Bean Starter,,"It doesn't *feel* magical, but you never know. Plant in spring, 10 days, reharvestable. Trellis crop.",,"Plant these in the spring. Takes 10 days to mature, but keeps producing after that. Grows on a trellis."
"(288, 304)",474,Cauliflower Seeds,,"The crop it grows is ghostly pale. Plant in spring, 12 days.",,Plant these in the spring. Takes 12 days to produce a large cauliflower.
"(304, 304)",475,Potato Seeds,,"The package says ""seeds"", but these are clearly potato eyes. Plant in spring, 6 days. Chance for multiple harvest.",,"Plant these in the spring. Takes 6 days to mature, and has a chance of yielding multiple potatoes at harvest."
"(320, 304)",476,Garlic Seeds,,"Plant quickly, before the vampires destroy them. Plant in spring, 4 days.",,Plant these in the spring. Takes 4 days to mature.
"(336, 304)",477,Kale Seeds,,"They probably taste better now than when grown. Plant in spring, 6 days. Harvest with scythe.",,Plant these in the spring. Takes 6 days to mature. Harvest with the scythe.
"(352, 304)",478,Rhubarb Seeds,,"They're pretty much weeds. Plant in spring, 13 days.",,Plant these in the spring. Takes 13 days to mature.
"(368, 304)",479,Melon Seeds,,"No fun in your lungs. Plant in summer, 12 days.",,Plant these in the summer. Takes 12 days to mature.
"(0, 320)",480,Tomato Seeds,,"Sometimes they take root inside ripe tomatoes. Plant in summer, 11 days, reharvestable.",,"Plant these in the summer. Takes 11 days to mature, and continues to produce after first harvest."
"(16, 320)",481,Blueberry Seeds,,"The richest source of wild seeds is fresh bear scat. Plant in summer, 13 days, reharvestable.",,"Plant these in the summer. Takes 13 days to mature, and continues to produce after first harvest."
"(32, 320)",482,Pepper Seeds,,"Not actually the hottest part of the pepper. Plant in summer, 5 days, reharvestable.",,"Plant these in the summer. Takes 5 days to mature, and continues to produce after first harvest."
"(48, 320)",483,Wheat Seeds,,"Gluten-rich. Plant in summer or fall, 4 days. Harvest with scythe.",,Plant these in the summer or fall. Takes 4 days to mature. Harvest with the scythe.
"(64, 320)",484,Radish Seeds,,"The pod-growing seeds are sometimes pickled as a snack. Plant in summer, 6 days.",,Plant these in the summer. Takes 6 days to mature.
"(80, 320)",485,Red Cabbage Seeds,,"Produces a swollen, purple head. Plant in summer, 9 days.",,Plant these in the summer. Takes 9 days to mature.
"(96, 320)",486,Starfruit Seeds,,"They'll break the bank. Plant in summer, 13 days.",,Plant these in the summer. Takes 13 days to mature.
"(112, 320)",487,Corn Seeds,,"Terrible as popcorn. Plant in summer or fall, 14 days, reharvestable.",,"Plant these in the summer or fall. Takes 14 days to mature, and continues to produce after first harvest."
"(128, 320)",488,Eggplant Seeds,,"Flat, round eggplant spunk. Plant in fall, 5 days, reharvestable.",,"Plant these in the fall. Takes 5 days to mature, and continues to produce after first harvest."
"(144, 320)",489,Artichoke Seeds,,"A plump variety of thistle. Plant in fall, 8 days.",,Plant these in the fall. Takes 8 days to mature.
"(160, 320)",490,Pumpkin Seeds,,"Fished out from slimy pumpkin entrails. Plant in fall, 13 days.",,Plant these in the fall. Takes 13 days to mature.
"(176, 320)",491,Bok Choy Seeds,,"Yields a cluster of erect, spoon-shaped stems. Plant in fall, 4 days.",,Plant these in the fall. Takes 4 days to mature.
"(192, 320)",492,Yam Seeds,,"Small slips grown by sucking nutrients from an existing yam. Plant in fall, 10 days.",,Plant these in the fall. Takes 10 days to mature.
"(208, 320)",493,Cranberry Seeds,,"Rub them into your skin to exfoliate. Plant in fall, 7 days, reharvestable.",,"Plant these in the fall. Takes 7 days to mature, and continues to produce after first harvest."
"(224, 320)",494,Beet Seeds,,"Spiny little kernels that look like small bones. Plant in fall, 6 days.",,Plant these in the fall. Takes 6 days to mature.
"(240, 320)",495,Spring Seeds,,Infested with aphids. Plant in spring.,,An assortment of wild spring seeds.
"(256, 320)",496,Summer Seeds,,Infested with ants. Plant in summer.,,An assortment of wild summer seeds.
"(272, 320)",497,Fall Seeds,,Infested with tiny beetles. Plant in fall.,,An assortment of wild fall seeds.
"(288, 320)",498,Winter Seeds,,Smells of stink bug. Plant in winter.,,An assortment of wild winter seeds.
"(304, 320)",499,Ancient Seeds,,"There are no library records of this ancient species, and they might not be safe for your farm. Plant anyway?",,Could these still grow?
"(304, 272)",427,Tulip Bulb,,"Probably overpriced. Grows in spring, 6 days. Assorted colors.",,Plant in spring. Takes 6 days to produce a colorful flower. Assorted colors.
"(336, 272)",429,Jazz Seeds,,"Plant these to lure and trap butterflies. Grows in spring, 7 days. Assorted blues.",,Plant in spring. Takes 7 days to produce a blue puffball flower.
"(336, 288)",453,Poppy Seeds,,"Gets stuck between your teeth. Grows in summer, 7 days. Assorted colors.",,Plant in summer. Produces a bright red flower in 7 days.
"(368, 288)",455,Spangle Seeds,,"Produces a highly acidic soil that kills other plants. Grows in summer, 8 days. Assorted colors.",,Plant in summer. Takes 8 days to produce a vibrant tropical flower. Assorted colors.
"(368, 272)",431,Sunflower Seeds,,"Unsalted. Grows in summer and fall, 8 days.",,Plant in summer or fall. Takes 8 days to produce a large sunflower. Yields more seeds at harvest.
"(272, 272)",425,Fairy Seeds,,"Planted by sadistic fairy hunters. Grows in fall, 12 days. Assorted colors.",,Plant in fall. Takes 12 days to produce a mysterious flower. Assorted Colors.
"(192, 336)",516,Small Glow Ring,,You wonder where the light comes from. Could this ring be radioactive?,,"Emits a small, constant light."
"(208, 336)",517,Glow Ring,,"Emits a strong, constant light. Wearing it makes your head feel funny...",,Emits a constant light.
"(224, 336)",518,Small Magnet Ring,,Makes you a little more alluring to the objects in your surroundings.,,Slightly increases your radius for collecting items.
"(240, 336)",519,Magnet Ring,,Everything is fiercely attracted to you. You're just that irresistible.,,Increases your radius for collecting items.
"(256, 336)",520,Slime Charmer Ring,,You won't feel a thing from the slimes' touch. ;),,Prevents damage from slimes.
"(272, 336)",521,Warrior Ring,,"The sharp edges cut into your flesh, making this ring difficult to remove. But it makes you feel stronger...",,"Occasionally infuses the wearer with ""warrior energy"" after slaying a monster."
"(288, 336)",522,Vampire Ring,,It can steal the life-force of any being; hopefully not your own.,,Gain a little health every time you slay a monster.
"(304, 336)",523,Savage Ring,,Wearing this ring overwhelms you with a sudden blood-lust.,,Gain a short speed boost whenever you slay a monster.
"(320, 336)",524,Ring of Yoba,,Lets Yoba watch over you as you fight. Maybe just a little too closely...,,Occasionally shields the wearer from damage.
"(336, 336)",525,Sturdy Ring,,Hardens your skin with repeated use. Negative status effects wear off sooner. ,,Cuts the duration of negative status effects in half.
"(352, 336)",526,Burglar's Ring,,Improves your skills of thievery from corpses.,,Monsters have a greater chance of dropping loot.
"(368, 336)",527,Iridium Band,,Just as uncomfortable as it looks.,,"Glows, attracts items, and increases attack damage by 10%."
"(0, 352)",528,Jukebox Ring,,UNOBTAINABLE,,Plays a random assortment of music you've heard.
"(16, 352)",529,Amethyst Ring,,Push everything and everyone further away from you.,,Increases knockback by 10%.
"(32, 352)",530,Topaz Ring,,Gleams yellow when worn; an unseen force adjusts the movements of your hand.,,Increases weapon precision by 10%.
"(48, 352)",531,Aquamarine Ring,,Sharpens your foresight and your deadly strikes.,,Increases critical strike chance by 10%.
"(64, 352)",532,Jade Ring,,"A dull, useless bauble.",,Increases critical strike power by 10%.
"(80, 352)",533,Emerald Ring,,Kill things faster than ever before.,,Increases weapon speed by 10%.
"(96, 352)",534,Ruby Ring,,The glowing red jewel provokes surges of indiscriminate anger.,,Increases attack by 10%.
"(112, 352)",535,Geode,,"Ask a blacksmith to shatter this poor rock, then toss it aside for the treasure within.",,A blacksmith can break this open for you.
"(128, 352)",536,Frozen Geode,,"Ask a blacksmith to shatter this poor rock, then toss it aside for the treasure within.",,A blacksmith can break this open for you.
"(144, 352)",537,Magma Geode,,"Ask a blacksmith to shatter this poor rock, then toss it aside for the treasure within.",,A blacksmith can break this open for you.
"(160, 352)",538,Alamite,,The pale glow from this crystal is a strange shade of bile green.,,Its distinctive fluorescence makes it a favorite among rock collectors.
"(176, 352)",539,Bixite,,The mysteriously regular cubic structure seems artificially formed by someone... or something.,,A dark metallic Mineral sought after for its cubic structure.
"(192, 352)",540,Baryte,,"The semicircular ""petals"" of this crystal resemble a blossoming fungal growth.",,The best specimens resemble a desert rose.
"(208, 352)",541,Aerinite,,"A rare, sky-blue crystal that was sometimes crushed and destroyed to use in paint.",,These crystals are curiously light.
"(224, 352)",542,Calcite,,The soft crystal has been partially dissolved by weak acids.,,This yellow crystal is speckled with shimmering nodules.
"(240, 352)",543,Dolomite,,Can sometimes form as bladder stones inside live animals. The mechanism for this is unknown.,,"It can occur in coral reefs, often near an underwater volcano."
"(256, 352)",544,Esperite,,The crystals glow bright green when stimulated. Stimulated how?,,The crystals glow bright green when stimulated.
"(272, 352)",545,Fluorapatite,,Small amounts are found in human teeth. Tiny crystals... growing... in your mouth bones...,,Small amounts are found in human teeth.
"(288, 352)",546,Geminite,,These twinned crystals have perfect cleavage.,,Occurs in brilliant clusters.
"(304, 352)",547,Helvite,,A rare silicate with pyroelectric properties.,,It grows in a triangular column.
"(320, 352)",548,Jamborite,,"A spiky, sinister-looking green crystal. It might be from another planet?",,The crystals are so tightly packed it almost looks fuzzy.
"(336, 352)",549,Jagoite,,"Thousands of tiny microcrystals, each one unique and entirely forgettable.",,A high volume of tiny crystals makes it very glittery.
"(352, 352)",550,Kyanite,,Swells up to twice its original size when heated.,,The geometric faces are as smooth as glass.
"(368, 352)",551,Lunarite,,They say the posessor of such a stone can command werewolves.,,The cratered white orbs form a tight cluster.
"(0, 368)",552,Malachite,,Toxic and water-soluable. Please do not insert it into any orifices.,,"A popular ornamental stone, used in sculpture and to make green paint."
"(16, 368)",553,Neptunite,,Reflected in its jet-black surface you can see your face... and another face behind you.,,A jet-black crystal that is unusually reflective.
"(32, 368)",554,Lemon Stone,,Dwarves are said to use the powdered crystal both medicinally and recreationally.,,Some claim the powdered crystal is a dwarvish delicacy.
"(48, 368)",555,Nekoite,,OwO what's this? The shards are too sharp to cuddle-wuddle?,,The delicate shards form a tiny pink meadow.
"(64, 368)",556,Orpiment,,"An attractive variety of arsenic mineral. Used in folk medicine, but highly toxic.",,"Despite its high toxicity, this Mineral is widely used in manufacturing and folk medicine."
"(80, 368)",557,Petrified Slime,,This slime has seen some things. It's best we leave it this way.,,"This little guy may be 100,000 years old."
"(96, 368)",558,Thunder Egg,,Mayonnaise from this would be crunchy.,,"According to legend, angry thunder spirits would throw these stones at one another."
"(112, 368)",559,Pyrite,,Did you think this was gold? Sucker!,,"Commonly known as ""Fool's Gold""."
"(128, 368)",560,Ocean Stone,,Toxin-absorbing crystals that form in the ocean near waste pipes. They emit a foul odor.,,An old legend claims these stones are the mosaics of ancient mermaids.
"(144, 368)",561,Ghost Crystal,,You hear strange moans in the distance when holding this crystal.,,There is an aura of coldness around this crystal.
"(160, 368)",562,Tigerseye,,Some poor tiger was blinded for this...,,A stripe of shimmering gold gives this gem a warm luster.
"(176, 368)",563,Jasper,,It looks like it's been shattered and then reassembled. You can still see the cracks.,,"When polished, this stone becomes attactively luminous. Prized by ancient peoples for thousands of years."
"(192, 368)",564,Opal,,It looks like two other stones were fused to make this...,,Its internal structure causes it to reflect a rainbow of light.
"(208, 368)",565,Fire Opal,,Many of these stones were plundered from indigenous inhabitants of the Fern Islands.,,"A rare variety of opal, named for its red spots."
"(224, 368)",566,Celestine,,"This fragile, pale crystal flares a vivid red when burned.",,Some early life forms had bones made from this.
"(240, 368)",567,Marble,,Some can see angels forever trapped within the stone.,,A very popular material for sculptures and construction.
"(256, 368)",568,Sandstone,,Can be used to make grindstone wheels for sharpening tools or knives.,,A common type of stone with red and brown striations.
"(272, 368)",569,Granite,,Contains traces of uranium that produce carcinogenic radon gas.,,A speckled Mineral that is commonly used in construction.
"(288, 368)",570,Basalt,,Fiber made from this rock is much safer than asbestos.,,Forms near searing hot magma.
"(304, 368)",571,Limestone,,Heat it at high temperatures to produce a compound helpful for disposing of human remains.,,A very common type of stone. It's not worth very much.
"(320, 368)",572,Soapstone,,This stone can be easily carved into all sorts of tempting shapes.,,"Because of its relatively soft consistency, this stone is very popular for carving."
"(336, 368)",573,Hematite,,Legends claim that deposits of this ore will form wherever blood is spilled.,,An iron-based Mineral with interesting magnetic properties.
"(352, 368)",574,Mudstone,,"Porous, dull, soft and fragile. If rocks were people, it wouldn't be worthy to live.",,A fine-grained rock made from ancient clay or mud.
"(368, 368)",575,Obsidian,,Can be crafted into thin blades much sharper than glass. Useful for surgeries.,,A volcanic glass that forms when lava cools rapidly.
"(0, 384)",576,Slate,,A material equally suited to table settings and tombstones.,,"It's extremely resistant to water, making it a good roofing material."
"(16, 384)",577,Fairy Stone,,ALREADY UNSETTLING,,An old miner's song suggests these are made from the bones of ancient fairies.
"(32, 384)",578,Star Shards,,A perfectly uniform structure: proof that Yoba exists... and does not care about you.,,No one knows how these form. Some scientists claim that the microscopic structure displays unnatural regularity.
"(48, 384)",579,Prehistoric Scapula,,The hollow indentation could be used to hold liquid. Or soup.,,"Commonly known as a ""shoulder blade""... It's unclear what species it belonged to."
"(64, 384)",580,Prehistoric Tibia,,It tastes like almonds.,,A thick and sturdy leg bone.
"(80, 384)",581,Prehistoric Skull,,The back of the skull shows a misshapen crater created by some unnatural force.,,This is definitely a mammalian skull.
"(96, 384)",582,Skeletal Hand,,The age of these bones is about one thous... Oh! ...Oh no. They're much more recent.,,It's a wonder all these ancient little pieces lasted so long.
"(112, 384)",583,Prehistoric Rib,,Numerous fracture lines suggest that this creature suffered through frequent blunt-force trauma.,,Little gouge marks on the side suggest that this rib was someone's dinner.
"(128, 384)",584,Prehistoric Vertebra,,There's more backbone here than in your whole body.,,A segment of some prehistoric creature's spine.
"(144, 384)",585,Skeletal Tail,,It's fun to play with.,,It's pretty short for a tail.
"(160, 384)",586,Nautilus Fossil,,Better to collect fossils than the actual creature. They're almost extinct.,,This must've washed up ages ago from an ancient coral reef.
"(176, 384)",587,Amphibian Fossil,,Formed eons ago when a small creature fell into a mud pit and was swallowed alive by the dirt.,,The relatively short hind legs suggest some kind of primordial toad.
"(192, 384)",588,Palm Fossil,,The spread of the five leaves resembles a human hand.,,"Palm Fossils are relatively common, but this happens to be a particularly well-preserved specimen."
"(208, 384)",589,Trilobite,,"A rare fossil that includes all the appendages and guts, not just a sloughed-off exoskeleton.",,A long extinct relative of the crab.
"(224, 384)",590,Artifact Spot,,UNOBTAINABLE,,Uh... how did you get this in your inventory? Ape made a booboo.
"(240, 384)",591,Tulip,,Edible. If you really can't afford better food.,,The most popular spring flower. Has a very faint sweet smell.
"(272, 384)",593,Summer Spangle,,A beautiful star-shaped bloom whose stem contains a deadly poison.,,"A tropical bloom that thrives in the humid summer air. Has a sweet, tangy aroma."
"(304, 384)",595,Fairy Rose,,"The sweet scent is alluring to fairies, but one sip of its nectar will turn them to stone.",,An old folk legend suggests that the sweet smell of this flower attracts fairies.
"(336, 384)",597,Blue Jazz,,"Butterflies are entranced by the dangerously sweet nectar. Once they find a flower, they may never leave.",,The flower grows in a sphere to invite as many butterflies as possible.
"(368, 384)",599,Sprinkler,,Spits on the 4 adjacent tiles every morning.,,Waters the 4 adjacent tiles every morning.
"(256, 240)",376,Poppy,,A sweet-smelling flower thought to symbolize death. Breathing its scent is almost addictive...,,"In addition to its colorful flower, the Poppy has culinary and medicinal uses."
"(64, 400)",604,Plum Pudding,,Every proper holiday needs a flaming dessert.,,A traditional holiday treat.
"(80, 400)",605,Artichoke Dip,,Artichokes blended to the texture of baby food. So you don't choke.,,It's cool and refreshing.
"(96, 400)",606,Stir Fry,,"With enough oil, even the grittiest and earthiest vegetables can become edible.",,Julienned vegetables on a bed of rice.
"(112, 400)",607,Roasted Hazelnuts,,Savor the rich forest flavor of charred tree seeds.,,The roasting process creates a rich forest flavor.
"(128, 400)",608,Pumpkin Pie,,Pureed pumpkin guts surrounded with lard-filled crust.,,Silky pumpkin cream in a flakey crust.
"(144, 400)",609,Radish Salad,,Watch out for little worms that also like to eat crisp radishes.,,The radishes are so crisp!
"(160, 400)",610,Fruit Salad,,"A splendid mÃ©lange of textures from mushy blueberries, fuzzy apricots, and underripe melon.",,A delicious combination of summer fruits.
"(176, 400)",611,Blackberry Cobbler,,"Blackberries very often harbor small worms inside them. They're not harmful though, and you won't even notice them when cooked!",,There's nothing quite like it.
"(192, 400)",612,Cranberry Candy,,There's more sugar in this obesity-linked beverage than in soda.,,It's sweet enough to mask the bitter fruit.
"(208, 400)",613,Apple,,How many worms are in this one?,,A crisp fruit used for juice and cider.
"(224, 400)",614,Green Tea,,A highly diluted mixture of shrub and water. Yum!,,"A pleasant, energizing beverage made from lightly processed tea leaves."
"(288, 400)",618,Bruschetta,,Tomatoes for people who hate tomatoes.,,Roasted tomatoes on a crisp white bread.
"(336, 400)",621,Quality Sprinkler,,Dribbles on the 8 adjacent tiles every morning.,,Waters the 8 adjacent tiles every morning.
"(336, 416)",645,Iridium Sprinkler,,Slobbers on the 24 adjacent tiles every morning.,,Waters the 24 adjacent tiles every morning.
"(0, 432)",648,Coleslaw,,"It's very ""healthy"". Tastes like eating sliced up cardboard with mayonnaise.",,"It's light, fresh and very healthy."
"(16, 432)",649,Fiddlehead Risotto,,A garlicky slurry of rice porridge served with tasteless greens.,,A creamy rice dish served with sauteed fern heads. It's a little bland.
"(48, 432)",651,Poppyseed Muffin,,"It has a soothing effect, just like opium.",,It has a soothing effect.
"(64, 416)",628,Cherry Sapling,,"The dismembered limb of a cherry tree, taken root. Matures in 28 days, bears fruit in spring. Only grows if the 8 surrounding ""tiles"" are empty.",,"Takes 28 days to produce a mature cherry tree. Bears fruit in the spring. Only grows if the 8 surrounding ""tiles"" are empty."
"(80, 416)",629,Apricot Sapling,,"The sliced-off arm of an apricot tree, taken root. Matures in 28 days, bears fruit in spring. Only grows if the 8 surrounding ""tiles"" are empty.",,"Takes 28 days to produce a mature Apricot tree. Bears fruit in the spring. Only grows if the 8 surrounding ""tiles"" are empty."
"(96, 416)",630,Orange Sapling,,"The mutilated limb of an orange tree, taken root. Matures in 28 days, bears fruit in summer. Only grows if the 8 surrounding ""tiles"" are empty.",,"Takes 28 days to produce a mature Orange tree. Bears fruit in the summer. Only grows if the 8 surrounding ""tiles"" are empty."
"(112, 416)",631,Peach Sapling,,"The amputated arm of a peach tree, taken root. Matures in 28 days, bears fruit in summer. Only grows if the 8 surrounding ""tiles"" are empty.",,"Takes 28 days to produce a mature Peach tree. Bears fruit in the summer. Only grows if the 8 surrounding ""tiles"" are empty."
"(128, 416)",632,Pomegranate Sapling,,"The severed limb of a pomegranate tree, taken root. Matures in 28 days, bears fruit in fall. Only grows if the 8 surrounding ""tiles"" are empty.",,"Takes 28 days to produce a mature Pomegranate tree. Bears fruit in the fall. Only grows if the 8 surrounding ""tiles"" are empty."
"(144, 416)",633,Apple Sapling,,"The butchered arm of an apple tree, taken root. Matures in 28 days, bears fruit in fall. Only grows if the 8 surrounding ""tiles"" are empty.",,"Takes 28 days to produce a mature Apple tree. Bears fruit in the fall. Only grows if the 8 surrounding ""tiles"" are empty."
"(160, 416)",634,Apricot,,Take care not to choke on the cyanide-filled pit.,,A tender little fruit with a rock-hard pit.
"(176, 416)",635,Orange,,A delicious treat for the shower.,,"Juicy, tangy, and bursting with sweet summer aroma."
"(192, 416)",636,Peach,,"Fuzzy to the touch with soft, sweet flesh underneath.",,It's almost fuzzy to the touch.
"(208, 416)",637,Pomegranate,,"A known aphrodisiac with an inside texture like tiny, crunchy eyeballs.",,Within the fruit are clusters of juicy seeds.
"(224, 416)",638,Cherry,,A popular modder known for creating Train Station mod and Shop Tile Framework.,,"It's popular, and ripens sooner than most other fruits."
"(320, 432)",668,Stone,,UNOBTAINABLE,,There's stone ore in this stone.
"(352, 432)",670,Stone,,UNOBTAINABLE,,There's stone ore in this stone.
"(32, 448)",674,Weeds,,UNOBTAINABLE,,Ugly weeds.
"(48, 448)",675,Weeds,,UNOBTAINABLE,,Ugly weeds.
"(64, 448)",676,Weeds,,UNOBTAINABLE,,Ugly weeds.
"(80, 448)",677,Weeds,,UNOBTAINABLE,,Ugly weeds.
"(96, 448)",678,Weeds,,UNOBTAINABLE,,Ugly weeds.
"(112, 448)",679,Weeds,,UNOBTAINABLE,,Ugly weeds.
"(128, 448)",680,Green Slime Egg,,"It squirms within your grasp, the embryo eagerly awaiting release. Hatch it in a slime incubator.",,Can be hatched in a slime incubator.
"(144, 448)",681,Rain Totem,,Activate it to play god and wreck havoc on natural weather patterns. Consumed on use.,,Activate to greatly increase the chance for rain tomorrow. Consumed on use.
"(160, 448)",682,Mutant Carp,,How toxic must the town's wastewater be to have created this monstrosity?,,The strange waters of the sewer turned this carp into a monstrosity.
"(192, 448)",684,Bug Meat,,Throw this on the grill for a late night treat!,,It's a juicy wad of bug flesh.
"(208, 448)",685,Bait,,"Large bugs, slain and minced to lure in more critters for food.",,Causes fish to bite faster. Must first be attached to a fishing rod.
"(224, 448)",686,Spinner,,"Oh gosh, it's naked. Slightly increases the bite-rate when fishing.",,The shape makes it spin around in the water. Slightly increases the bite-rate when fishing.
"(240, 448)",687,Dressed Spinner,,A spinner with a sense of propriety. Increases the bite-rate when fishing.,,The metal tab and colorful streamers create an enticing spectacle for fish. Increases the bite-rate when fishing.
"(256, 448)",688,Warp Totem: Farm,,Warps all time and space to re-center the farm on your current physical location. Consumed on use.,,Warp directly to your house. Consumed on use.
"(272, 448)",689,Warp Totem: Mountains,,Warps all time and space to re-center the mountains on your current physical location. Consumed on use.,,Warp directly to the mountains. Consumed on use.
"(288, 448)",690,Warp Totem: Beach,,Warps all time and space to re-center the beach on your current physical location. Consumed on use.,,Warp directly to the beach. Consumed on use.
"(304, 448)",691,Barbed Hook,,"Stab the fish when they bite the hook, stab them again when they try to wriggle free.",,"Makes your catch more secure, causing the ""fishing bar"" to cling to your catch. Works best on slow, weak fish."
"(320, 448)",692,Lead Bobber,,"Wears away to nothing in 20 uses. Good job on adding to water contamination, you.",,"Adds weight to your ""fishing bar"", preventing it from bouncing along the bottom."
"(336, 448)",693,Treasure Hunter,,Reduces squirming hooked fish to mere side-quests on your mad hunt for treasure.,,Fish don't escape while collecting treasures. Also slightly increases the chance to find treasures.
"(352, 448)",694,Trap Bobber,,Helps thwart a hooked fish's efforts to free itself.,,Causes fish to escape slower when you aren't reeling them in.
"(368, 448)",695,Cork Bobber,,"A nifty gimmick to fake the effect of a higher fishing level. Increases the size of your ""fishing bar"".",,"Slightly increases the size of your ""fishing bar""."
"(32, 464)",698,Sturgeon,,"Slow-breeding bottom-feeder close to extinction. Now there's one less in the wild, courtesy of you.",,An ancient bottom-feeder with a dwindling population. Females can live up to 150 years.
"(48, 464)",699,Tiger Trout,,"Doomed to be the last of their bloodline, these unnatural hybrids can never reproduce.",,A rare hybrid trout that cannot bear offspring of its own.
"(64, 464)",700,Bullhead,,"In a pinch, they will even eat sewage. Beware their teeth and the poisonous barbs on their fins.",,A relative of the catfish that eats a variety of foods off the lake bottom.
"(80, 464)",701,Tilapia,,Swims with a mouth full of half-hatched babies for a week before spitting them out.,,A primarily vegetarian fish that prefers warm water.
"(96, 464)",702,Chub,,This freshwater fish is at half-mast.,,A common freshwater fish known for its voracious appetite.
"(112, 464)",703,Magnet,,Litter the rivers and ocean floor with these in search of treasure.,,"Increases the chance of finding treasures when fishing. However, fish aren't crazy about the taste."
"(128, 464)",704,Dorado,,Only moderately contaminated with mercury.,,A fierce carnivore with brilliant orange scales.
"(144, 464)",705,Albacore,,"This ""chicken of the sea"" sports a ghastly visage with beak-like snout and large, glassy eyes.",,"Prefers temperature ""edges"" where cool and warm water meet."
"(160, 464)",706,Shad,,Roe-filled females are especially prized; the unborn eggs are considered a delicacy.,,"Lives in a school at sea, but returns to the rivers to spawn."
"(176, 464)",707,Lingcod,,A voracious predator that will eagerly cannibalize other lingcod of similar size.,,A fearsome predator that will eat almost anything it can cram into its mouth.
"(192, 464)",708,Halibut,,"Born with an eye on each side of its head, one eye slowly migrates across as it grows.",,A flat fish that lives on the ocean floor.
"(208, 464)",709,Hardwood,,A formidable length of hardened wood. Very pleasing to the touch.,,A special kind of wood with superior strength and beauty.
"(224, 464)",710,Crab Pot,,Place in the water and load with tantalizing insect bits. Return next day for a stinky surprise!,,"Place it in the water, load it with bait, and check the next day to see if you've caught anything. Works in streams, lakes, and the ocean."
"(304, 464)",715,Lobster,,Raising them in captivity is difficult; their cannibalistic behaviour limits profits.,,A large ocean-dwelling crustacean with a strong tail.
"(320, 464)",716,Crayfish,,Their sperm are amoeba-shaped and crawl towards the eggs.,,A small freshwater relative of the lobster.
"(336, 464)",717,Crab,,"A sea spider, ready to be boiled alive and eaten fresh.",,A marine crustacean with two powerful pincers.
"(352, 464)",718,Cockle,,"The cockle's large siphon pokes out from its shell, squirming like a giant tongue.",,A common saltwater clam.
"(368, 464)",719,Mussel,,Predator snails will bore a hole through the mussel's shell and suck out its soft parts.,,A common bivalve that often lives in clusters.
"(0, 480)",720,Shrimp,,The largest specimen ever found was long enough to wrap around a human neck.,,A scavenger that feeds off the ocean floor. Widely prized for its meat.
"(16, 480)",721,Snail,,"Seasoning with enough salt will kill it, if it's not already dead.",,A wide-ranging mollusc that lives in a spiral shell.
"(32, 480)",722,Periwinkle,,"A squelching, slimy critter. It smells way too strong for its size.",,A tiny freshwater snail that lives in a blue shell.
"(48, 480)",723,Oyster,,A slimy-feeling shell means this creature is still alive.,,"Constantly filters water to find food. In the process, it removes dangerous toxins from the environment."
"(64, 480)",724,Maple Syrup,,"The sweet life-blood of maple trees, extracted for consumption.",,A sweet syrup with a unique flavor.
"(80, 480)",725,Oak Resin,,"The innards of an oak tree, extracted and processed for use.",,"A sticky, fragrant substance derived from oak sap."
"(96, 480)",726,Pine Tar,,Pairs beautifully with feathers.,,A pungent substance derived from pine sap.
"(112, 480)",727,Chowder,,Just hot ocean milk with dead animal croutons.,,A perfect way to warm yourself after a cold night at sea.
"(160, 480)",730,Lobster Bisque,,Some say you can hear the lobster scream as it is boiled alive. Others say it is just the sound of steam escaping.,,This delicate soup is a secret family recipe of Willy's.
"(128, 480)",728,Fish Stew,,"Avoid wasting fish scraps, heads and eyeballs by hiding them in this savory dish.",,"It smells a lot like the sea. Tastes better, though."
"(144, 480)",729,Escargot,,"It may have a fancy French name, but it's still just snails.",,Butter-soaked snails cooked to perfection.
"(176, 480)",731,Maple Bar,,A sweet treat for humans and insects alike.,,It's a sweet doughnut topped with a rich maple glaze.
"(192, 480)",732,Crab Cakes,,"Glutenous, oil-fried discs of dead crab flesh.",,"Crab, bread crumbs, and egg formed into patties then fried to a golden brown."
"(208, 480)",733,Shrimp Cocktail,,"Delicious, drinkable invertebrates, freshly-caught.",,A sumptuous appetizer made with freshly-caught shrimp.
"(224, 480)",734,Woodskip,,Lurks among the rotten wood of deep ponds.,,A very sensitive fish that can only live in pools deep in the forest.
"(16, 496)",745,Strawberry Seeds,,"Not even real berries, they're all impostors.",,"Plant these in spring. Takes 8 days to mature, and keeps producing strawberries after that."
"(32, 496)",746,Jack-O-Lantern,,Vegetable craniotomy victim. Place its leering skull in a visible location as a warning to others.,,A whimsical fall decoration.
"(48, 496)",747,Rotten Plant,,Flies have laid eggs in the putrid mass. You should probably get rid of this.,,Decomposing organic material. It's slimy and unpleasant.
"(64, 496)",748,Rotten Plant,,Something wriggles just under the surface. You should probably get rid of this.,,Decomposing organic material. It's slimy and unpleasant.
"(80, 496)",749,Omni Geode,,"Ask a blacksmith to shatter this poor rock, then toss it aside for the treasure within. So many possibilities!",,A blacksmith can break this open for you. These geodes contain a wide variety of Minerals.
"(96, 496)",750,Weeds,,UNOBTAINABLE,,Ugly weeds.
"(112, 496)",751,Stone,,UNOBTAINABLE,,There's copper ore in this stone.
"(256, 496)",760,Stone,,UNOBTAINABLE,,...
"(288, 496)",762,Stone,,UNOBTAINABLE,,...
"(320, 496)",764,Stone,,UNOBTAINABLE,,gold ore
"(336, 496)",765,Stone,,UNOBTAINABLE,,iridium ore
"(352, 496)",766,Slime,,You're not sure which organ this gelatinous substance is from.,,"A shimmering, gelatinous glob with no smell."
"(368, 496)",767,Bat Wing,,It's still twitching after being sliced off from the body.,,The material is surprisingly delicate.
"(0, 512)",768,Solar Essence,,A warm remnant of Yoba's power.,,The glowing face is warm to the touch.
"(16, 512)",769,Void Essence,,The chill you get from holding this seeps right to your core.,,It's quivering with dark energy.
"(32, 512)",770,Mixed Seeds,,"There's a little bit of everything in here! Not just seeds... there's a few dead bugs and animal droppings, too.",,There's a little bit of everything here. Plant them and see what grows!
"(48, 512)",771,Fiber,,Better check it for animal droppings.,,Raw material sourced from plants.
"(64, 512)",772,Oil of Garlic,,"You'll ooze garlic from every pore, producing a pungent odor that is frightful to weaker monsters.",,Drink this and weaker monsters will avoid you.
"(80, 512)",773,Life Elixir,,All magic comes with a price.,,Restores health to full.
"(96, 512)",774,Wild Bait,,Bug corpses held together with Linus' special sauce.,,A unique recipe from Linus that gives you a chance to catch two fish at once.
"(112, 512)",775,Glacierfish,,Its eyes looked into your soul just before it passed out from heat and suffocation.,,Builds a nest on the underside of glaciers.
"(256, 512)",784,Weeds,,UNOBTAINABLE,,Ugly weeds.
"(272, 512)",785,Weeds,,UNOBTAINABLE,,Ugly weeds.
"(288, 512)",786,Weeds,,UNOBTAINABLE,,Ugly weeds.
"(304, 512)",787,Battery Pack,,Lightning-powered. It's probably safe.,,It's fully charged with precious energy.
"(320, 512)",788,Lost Axe,,"The axe cries out for its owner. Faintly you can hear it whisper, ""Robin...""",,Robin's been looking everywhere for it.
"(336, 512)",789,Lucky Purple Shorts,,Most definitely unwashed.,,Better not inspect these too closely.
"(352, 512)",790,Berry Basket,,"Stained with what you *hope* is berry juice. It smells like Linus, and he smells awful.",,The fibers are stained with berry juice.
"(0, 528)",792,Weeds,,UNOBTAINABLE,,Ugly weeds.
"(16, 528)",793,Weeds,,UNOBTAINABLE,,Ugly weeds.
"(32, 528)",794,Weeds,,UNOBTAINABLE,,Ugly weeds.
"(48, 528)",795,Void Salmon,,"Shadows have mutated this species beyond repair. Keep an eye out behind you, you could be next.",,"A salmon, twisted by void energy. The fresh meat is jet black, but rapidly turns pink when exposed to air."
"(64, 528)",796,Slimejack,,"Slime oozes out from under every scale, leaving a stinging sensation on your skin.",,He's coated in a very thick layer of slime. He keeps slipping out of your hands!
"(80, 528)",797,Pearl,,"A grain of sand that irritated an oyster until it spat on it again, and again, and again.",,A rare treasure from the sea.
"(96, 528)",798,Midnight Squid,,"Every sucker on its writhing tentacles is adorned with sharp, serrated rings.",,A strange and mysterious denizen of the ocean's twilight depths.
"(112, 528)",799,Spook Fish,,"Its huge, tubular eyes point directly upwards. They are encased in a transparent dome of soft flesh.",,The huge eyes can detect the faint silhouettes of prey.
"(128, 528)",800,Blobfish,,A fish rapidly pulled from its deep-sea home. The changing pressures have almost turned it inside-out.,,"This odd creature floats above the ocean floor, consuming any edible material in its path."
"(144, 528)",801,Wedding Ring,,"Binds your partner's soul to yours, 'til death do you part.",,An old Zuzu City tradition... It's used to ask for another farmer's hand in marriage.
"(160, 528)",802,Cactus Seeds,,"Grows a spiny plant with a nasty defense system. Plant indoors only, 12 days, reharvestable.",,"Can only be grown indoors. Takes 12 days to mature, and then produces fruit every 3 days."
"(176, 528)",803,Iridium Milk,,NON-INVENTORY,,A powerful 'milk' of unknown origin...
"(208, 528)",805,Tree Fertilizer,,"Forces unnaturally rapid tree growth, even in winter. Doesn't work on fruit trees.",,"Sprinkle on a wild tree to ensure rapid growth, even in winter. Doesn't work on fruit trees."
"(240, 528)",807,Dinosaur Mayonnaise,,"Yum, dead dinosaur babies!",,"It's thick and creamy, with a vivid green hue. It smells like grass and leather."
"(256, 528)",808,Void Ghost Pendant,,Snatched from a mermaid's corpse and dipped in the ichor of shadow beings. A token of friendship.,,"It's symoblic to the shadow people. As a gift, it signifies the desire to move in together as friends."
"(272, 528)",809,Movie Ticket,,Sit with strangers in the dark and pretend the room isn't gassed up with farts. Give one to a friend!,,Admits one to the movie theater. Giving this to a friend invites them to the movies with you.
"(288, 528)",810,Crabshell Ring,,"The enchanted shell might protect you, but it certainly didn't protect the crab.",,The top of the ring is made from enchanted crab shell.
"(304, 528)",811,Napalm Ring,,Explodes enemy corpses. Violently. Wear it on a finger!,,"When you defeat an enemy, they explode."
"(320, 528)",812,Roe,,You can see tiny baby fish inside. Alive and wiggling. Age them in a preserves jar to bring out more flavor.,,Fresh fish eggs. These can be aged in a preserves jar to bring out more flavor.
"(208, 288)",445,Caviar,,"The salted, unborn offspring of an endangered fish species. A luxurious delicacy!",,The cured roe of a sturgeon fish. Considered to be a luxurious delicacy!
"(352, 528)",814,Squid Ink,,The inky emissions of a terrified sea creature.,,Squid use this ink to confuse would-be predators.
"(368, 528)",815,Tea Leaves,,An infusion of these can send you for a wild ride.,,"The young leaves of the tea plant. Can be brewed into the popular, energizing beverage."
"(48, 176)",267,Flounder,,Two eyes on one side of its head and none on the other. It wasn't born that way.,,"It lives on the bottom, so both eyes are on top of its head."
"(16, 176)",265,Seafoam Pudding,,Waterlogged and briny. There's no going back if you eat this.,,This briny pudding will really get you into the maritime mindset!
"(80, 176)",269,Midnight Carp,,It's up to no good.,,This shy fish only feels comfortable at night.